"","PlayerName","pos","points","marg","value"
"1","Aaron Rodgers","qb",395.586,109.592,95.6699385601394
"2","Cam Newton","qb",384.832,98.838,86.3802046445641
"3","Russell Wilson","qb",374.956,88.9619999999999,77.8489221310599
"4","Andrew Luck","qb",366.98,80.9859999999999,70.9589353623572
"5","Adrian Peterson","rb",201.42,74.095,65.0062148479226
"6","Antonio Brown","wr",146.74,71.81,63.0323407548326
"7","Todd Gurley","rb",198.005,70.68,62.0562017066086
"8","Drew Brees","qb",356.022,70.028,61.4929781141821
"9","Odell Beckham Jr.","wr",138.855,63.925,56.2209634139072
"10","Jamaal Charles","rb",190.29,62.965,55.3916771428497
"11","Julio Jones","wr",132.535,57.605,50.7614954627786
"12","David Johnson","rb",183.78,56.455,49.768079617241
"13","Lamar Miller","rb",181.915,54.59,48.1570182677386
"14","Rob Gronkowski","te",114.95,54.305,47.9108239060184
"15","Ben Roethlisberger","qb",340.088,54.094,47.7285536943589
"16","DeAndre Hopkins","wr",128.56,53.63,47.3277319966811
"17","Carson Palmer","qb",334.408,48.414,42.8219432572687
"18","Ezekiel Elliott","rb",172.825,45.5,40.3047138886629
"19","Dez Bryant","wr",120.155,45.225,40.0671579255995
"20","Le'Veon Bell","rb",170.18,42.855,38.0198574439263
"21","Blake Bortles","qb",327.998,42.0039999999999,37.2847297182284
"22","A.J. Green","wr",116.775,41.845,37.1473791795846
"23","Jordy Nelson","wr",114.615,39.685,35.2814850697052
"24","Eli Manning","qb",324.79,38.796,34.5135314291113
"25","Eddie Lacy","rb",164.77,37.445,33.346483770571
"26","Philip Rivers","qb",323.424,37.43,33.3335261725858
"27","LeSean McCoy","rb",164.065,36.74,32.7374766652632
"28","Devonta Freeman","rb",162.295,34.97,31.2084801030009
"29","Doug Martin","rb",161.83,34.505,30.8067945654574
"30","Allen Robinson","wr",109.28,34.35,30.6728993862763
"31","Alshon Jeffery","wr",108.915,33.985,30.3575978353013
"32","Mark Ingram","rb",160.26,32.935,29.4505659763321
"33","Thomas Rawls","rb",158.4,31.075,27.8438238261582
"34","Brandon Marshall","wr",105.195,30.265,27.1441135349535
"35","Sammy Watkins","wr",104.38,29.45,26.4400840444203
"36","Mike Evans","wr",103.93,29,26.0513561048621
"37","T.Y. Hilton","wr",103.875,28.945,26.0038449122494
"38","Brandin Cooks","wr",103.055,28.125,25.2954962223878
"39","Randall Cobb","wr",100.625,25.695,23.1963653487735
"40","Greg Olsen","te",86.065,25.42,22.9588093857101
"41","Kirk Cousins","qb",311.308,25.314,22.8672423599476
"42","Tony Romo","qb",310.968,24.974,22.5735368056147
"43","Andy Dalton","qb",310.57,24.576,22.2297285390721
"44","Jordan Reed","te",84.965,24.32,22.0085855334567
"45","Tyrod Taylor","qb",309.618,23.624,21.40735298694
"46","Demaryius Thomas","wr",98.515,23.585,21.3736632321783
"47","Keenan Allen","wr",98.33,23.4,21.2138528570266
"48","C.J. Anderson","rb",150.68,23.355,21.1749800630708
"49","Matthew Stafford","qb",309.338,23.3439999999999,21.1654778245482
"50","Derek Carr","qb",308.99,22.9959999999999,20.8648615512899
"51","Amari Cooper","wr",97.015,22.085,20.077903433651
"52","Doug Baldwin","wr",95.07,20.14,18.3977348948939
"53","Kelvin Benjamin","wr",94.98,20.05,18.3199893069822
"54","Eric Decker","wr",94.74,19.81,18.1126677392178
"55","Jeremy Maclin","wr",94.075,19.145,17.5382142285374
"56","Carlos Hyde","rb",145.47,18.145,16.6743743628525
"57","Jameis Winston","qb",303.206,17.212,15.8684117681685
"58","Jonathan Stewart","rb",144.01,16.685,15.4131681589525
"59","Latavius Murray","rb",143.575,16.25,15.0373978173796
"60","Michael Floyd","wr",90.74,15.81,14.6573082764783
"61","Ryan Fitzpatrick","qb",301.148,15.1539999999999,14.0906293245889
"62","Julian Edelman","wr",89.285,14.355,13.4004212719067
"63","Jarvis Landry","wr",88.405,13.475,12.640242190104
"64","Matt Ryan","qb",299.37,13.376,12.5547220434012
"65","Ryan Tannehill","qb",299.28,13.286,12.4769764554896
"66","Larry Fitzgerald","wr",87.635,12.705,11.9750854935266
"67","Jeremy Hill","rb",139.83,12.505,11.8023175203897
"68","Delanie Walker","te",72.665,12.02,11.3833551855325
"69","Golden Tate","wr",86.89,11.96,11.3315247935914
"70","Jordan Matthews","wr",86.43,11.5,10.9341584553763
"71","Matt Forte","rb",138.575,11.25,10.7181984889551
"72","Coby Fleener","te",71.69,11.045,10.5411113164897
"73","DeMarco Murray","rb",138.03,10.705,10.2474057621568
"74","Travis Kelce","te",71.16,10.515,10.0832761876767
"75","DeSean Jackson","wr",84.675,9.745,9.41811949109934
"76","Donte Moncrief","wr",82.625,7.69499999999999,7.64724776644529
"77","Tyler Eifert","te",68.155,7.51,7.48743739129359
"78","Antonio Gates","te",67.815,7.16999999999999,7.19373183696072
"79","John Brown","wr",81.965,7.035,7.07711345509326
"80","Emmanuel Sanders","wr",81.545,6.61499999999999,6.7143007115056
"81","Gary Barnidge","te",66.94,6.29499999999999,6.43787195448643
"82","Matt Jones","rb",133.11,5.78500000000001,5.99731362298715
"83","Allen Hurns","wr",80.5,5.56999999999999,5.81158805186488
"84","Alex Smith","qb",290.992,4.99799999999993,5.31747164869307
"85","Ladarius Green","te",64.93,4.285,4.7015538244598
"86","Michael Crabtree","wr",78.87,3.94,4.4035290707985
"87","Devante Parker","wr",78.865,3.935,4.39920987147008
"88","Jimmy Graham","te",63.495,2.84999999999999,3.46194361720195
"89","Ryan Mathews","rb",129.865,2.54000000000001,3.19415325883965
"90","Tom Brady","qb",288.084,2.08999999999997,2.80542531928142
"91","Joe Flacco","qb",287.612,1.61799999999994,2.39769290267811
"92","Jeremy Langford","rb",128.92,1.59500000000001,2.37782458576743
"93","Marcus Mariota","qb",285.994,0,1
"94","Frank Gore","rb",127.325,0,1
"95","Stefon Diggs","wr",74.93,0,1
"96","Jason Witten","te",60.645,0,1
"97","Torrey Smith","wr",74.72,-0.210000000000008,0
"98","Zach Miller","te",60.385,-0.259999999999998,0
"99","Julius Thomas","te",60.185,-0.460000000000001,0
"100","Dwayne Allen","te",60.04,-0.605000000000011,0
"101","Zach Ertz","te",58.885,-1.76,0
"102","Martellus Bennett","te",58.555,-2.09,0
"103","Marvin Jones","wr",71.775,-3.155,0
"104","Melvin Gordon","rb",123.65,-3.67499999999998,0
"105","Tavon Austin","wr",70.58,-4.35000000000001,0
"106","Tyler Lockett","wr",70.565,-4.36500000000001,0
"107","Kevin White","wr",70.335,-4.595,0
"108","Jay Cutler","qb",280.378,-5.61599999999999,0
"109","Eric Ebron","te",53.625,-7.02,0
"110","Vincent Jackson","wr",67.145,-7.785,0
"111","Ameer Abdullah","rb",119.245,-8.08,0
"112","Brock Osweiler","qb",277.672,-8.32199999999995,0
"113","Charles Clay","te",51.315,-9.33,0
"114","Sterling Shepard","wr",65.175,-9.75500000000001,0
"115","Willie Snead","wr",65.075,-9.855,0
"116","Markus Wheaton","wr",64.055,-10.875,0
"117","Rashad Jennings","rb",116.3,-11.025,0
"118","Kyle Rudolph","te",49.01,-11.635,0
"119","Steve Smith","wr",63.045,-11.885,0
"120","Giovani Bernard","rb",115.3,-12.025,0
"121","Terrance Williams","wr",60.98,-13.95,0
"122","Jordan Cameron","te",46.105,-14.54,0
"123","Corey Coleman","wr",59.795,-15.135,0
"124","Austin Seferian-Jenkins","te",45.305,-15.34,0
"125","Arian Foster","rb",111.86,-15.465,0
"126","Clive Walford","te",45.14,-15.505,0
"127","T.J. Yeldon","rb",111.585,-15.74,0
"128","Travis Benjamin","wr",58.16,-16.77,0
"129","Josh Gordon","wr",57.45,-17.48,0
"130","LeGarrette Blount","rb",109.74,-17.585,0
"131","Dorial Green-Beckham","wr",56.995,-17.935,0
"132","Mohamed Sanu","wr",56.685,-18.245,0
"133","Richard Rodgers","te",41.94,-18.705,0
"134","Isaiah Crowell","rb",108.205,-19.12,0
"135","Pierre Garcon","wr",54.885,-20.045,0
"136","Jared Cook","te",40.035,-20.61,0
"137","Michael Thomas","wr",54.265,-20.665,0
"138","Kamar Aiken","wr",53.79,-21.14,0
"139","Laquon Treadwell","wr",53.645,-21.285,0
"140","Sammie Coates","wr",53.41,-21.52,0
"141","Justin Forsett","rb",105.775,-21.55,0
"142","Jacob Tamme","te",38.905,-21.74,0
"143","Phillip Dorsett","wr",52.35,-22.58,0
"144","Kenny Britt","wr",51.76,-23.17,0
"145","Mike Wallace","wr",51.59,-23.34,0
"146","Devin Funchess","wr",51.435,-23.495,0
"147","Will Tye","te",36.51,-24.135,0
"148","Dion Lewis","rb",102.815,-24.51,0
"149","Duke Johnson","rb",102.385,-24.94,0
"150","Chris Ivory","rb",102.2,-25.125,0
"151","Cameron Brate","te",35.405,-25.24,0
"152","Jermaine Kearse","wr",48.48,-26.45,0
"153","Benjamin Watson","te",33.965,-26.68,0
"154","Kendall Wright","wr",48.005,-26.925,0
"155","Vance McDonald","te",33.69,-26.955,0
"156","Ted Ginn","wr",47.185,-27.745,0
"157","Lance Kendricks","te",32.89,-27.755,0
"158","Nelson Agholor","wr",46.765,-28.165,0
"159","Jaelen Strong","wr",46.69,-28.24,0
"160","Will Fuller","wr",46.65,-28.28,0
"161","Darren Fells","te",31.7,-28.945,0
"162","Luke Willson","te",31.415,-29.23,0
"163","Teddy Bridgewater","qb",255.808,-30.186,0
"164","Ryan Griffin","te",30.43,-30.215,0
"165","Robert Woods","wr",44.69,-30.24,0
"166","Jeff Heuerman","te",29.85,-30.795,0
"167","Garrett Celek","te",29.285,-31.36,0
"168","Rishard Matthews","wr",43.285,-31.645,0
"169","Justin Hunter","wr",43.27,-31.66,0
"170","Danny Woodhead","rb",95.29,-32.035,0
"171","Tyler Boyd","wr",42.825,-32.105,0
"172","Jace Amaro","te",28.5,-32.145,0
"173","DeAngelo Williams","rb",95,-32.325,0
"174","Crockett Gillmore","te",27.965,-32.68,0
"175","Brandon LaFell","wr",42.115,-32.815,0
"176","Breshad Perriman","wr",41.48,-33.45,0
"177","Virgil Green","te",26.9,-33.745,0
"178","Larry Donnell","te",26.19,-34.455,0
"179","Anquan Boldin","wr",39.805,-35.125,0
"180","Chris Hogan","wr",39.23,-35.7,0
"181","Josh Hill","te",24.825,-35.82,0
"182","Jermaine Gresham","te",24.805,-35.84,0
"183","Brent Celek","te",24.65,-35.995,0
"184","Josh Doctson","wr",38.385,-36.545,0
"185","Cole Beasley","wr",38.225,-36.705,0
"186","Jack Doyle","te",23.86,-36.785,0
"187","Victor Cruz","wr",37.725,-37.205,0
"188","Hunter Henry","te",23.185,-37.46,0
"189","Jamison Crowder","wr",36.935,-37.995,0
"190","Mychal Rivera","te",22.52,-38.125,0
"191","Jay Ajayi","rb",89.04,-38.285,0
"192","Gavin Escobar","te",22.25,-38.395,0
"193","Rueben Randle","wr",36.305,-38.625,0
"194","Davante Adams","wr",36.275,-38.655,0
"195","Seth Roberts","wr",35.765,-39.165,0
"196","Tyler Higbee","te",21.26,-39.385,0
"197","Kenny Stills","wr",35.5,-39.43,0
"198","Danny Amendola","wr",35.03,-39.9,0
"199","Bruce Ellington","wr",34.89,-40.04,0
"200","Eddie Royal","wr",34.81,-40.12,0
"201","Tyler Kroft","te",20.31,-40.335,0
"202","Marcedes Lewis","te",20.025,-40.62,0
"203","Jarius Wright","wr",34.135,-40.795,0
"204","Cecil Shorts","wr",33.78,-41.15,0
"205","Brandon Coleman","wr",33.27,-41.66,0
"206","Austin Hooper","te",18.365,-42.28,0
"207","Anthony Fasano","te",18.35,-42.295,0
"208","Charles Sims","rb",85.01,-42.315,0
"209","Chris Gragg","te",18.01,-42.635,0
"210","Ryan Hewitt","te",17.765,-42.88,0
"211","Ed Dickson","te",17.56,-43.085,0
"212","Chris Conley","wr",31.59,-43.34,0
"213","James O'Shaughnessy","te",17.29,-43.355,0
"214","Jesse James","te",17.185,-43.46,0
"215","James Jones","wr",31.215,-43.715,0
"216","Albert Wilson","wr",31.2,-43.73,0
"217","Derrick Henry","rb",83.555,-43.77,0
"218","Dion Sims","te",16.705,-43.94,0
"219","Justin Hardy","wr",30.805,-44.125,0
"220","Maxx Williams","te",16.48,-44.165,0
"221","Jim Dray","te",16.325,-44.32,0
"222","Cory Harkey","te",16.02,-44.625,0
"223","Philly Brown","wr",30.155,-44.775,0
"224","C.J. Fiedorowicz","te",15.72,-44.925,0
"225","Andrew Hawkins","wr",29.305,-45.625,0
"226","Craig Stevens","te",14.84,-45.805,0
"227","Blake Bell","te",14.705,-45.94,0
"228","Rhett Ellison","te",14.56,-46.085,0
"229","Kenny Bell","wr",28.84,-46.09,0
"230","Mario Alford","wr",28.76,-46.17,0
"231","Brian Quick","wr",28.685,-46.245,0
"232","Dontrelle Inman","wr",28.41,-46.52,0
"233","Jeff Janis","wr",28.215,-46.715,0
"234","Rob Housler","te",13.785,-46.86,0
"235","James Hanna","te",13.725,-46.92,0
"236","Brandon Pettigrew","te",13.505,-47.14,0
"237","Bruce Miller","te",13.3,-47.345,0
"238","Andre Holmes","wr",27.41,-47.52,0
"239","Dwayne Harris","wr",27.405,-47.525,0
"240","Lee Smith","te",13.115,-47.53,0
"241","Niles Paul","te",12.96,-47.685,0
"242","Bilal Powell","rb",79.335,-47.99,0
"243","J.J. Nelson","wr",26.4,-48.53,0
"244","Darrius Heyward-Bey","wr",26.21,-48.72,0
"245","Marqise Lee","wr",26.11,-48.82,0
"246","James Starks","rb",78.495,-48.83,0
"247","Darren Sproles","rb",78.245,-49.08,0
"248","Quinton Patton","wr",25.685,-49.245,0
"249","Leonard Hankerson","wr",25.665,-49.265,0
"250","Ty Montgomery","wr",25.435,-49.495,0
"251","Leonte Carroo","wr",25.415,-49.515,0
"252","De'Anthony Thomas","wr",25.405,-49.525,0
"253","Vernon Davis","te",10.98,-49.665,0
"254","Kellen Davis","te",10.675,-49.97,0
"255","Charles Johnson","wr",24.815,-50.115,0
"256","Michael Hoomanawanui","te",10.405,-50.24,0
"257","Garrett Graham","te",10.305,-50.34,0
"258","Rashad Greene","wr",24.48,-50.45,0
"259","Brian Hartline","wr",24.375,-50.555,0
"260","Devin Fuller","wr",24.25,-50.68,0
"261","Pharoh Cooper","wr",23.81,-51.12,0
"262","Troy Niklas","te",9.47,-51.175,0
"263","MyCole Pruitt","te",9.46,-51.185,0
"264","Brice Butler","wr",23.575,-51.355,0
"265","Demetrius Harris","te",9.08,-51.565,0
"266","DeAndre Smelter","wr",23.35,-51.58,0
"267","Cooper Helfet","te",8.735,-51.91,0
"268","Adrien Robinson","te",8.65,-51.995,0
"269","Trey Burton","te",8.265,-52.38,0
"270","Derek Carrier","te",7.935,-52.71,0
"271","Nate Washington","wr",22.1,-52.83,0
"272","Marquess Wilson","wr",21.85,-53.08,0
"273","Matt Spaeth","te",7.435,-53.21,0
"274","Josh Huff","wr",21.62,-53.31,0
"275","Taylor Gabriel","wr",21.565,-53.365,0
"276","Levine Toilolo","te",7.205,-53.44,0
"277","Bennie Fowler","wr",21.23,-53.7,0
"278","Jeff Cumberland","te",6.675,-53.97,0
"279","C.J. Uzomah","te",6.605,-54.04,0
"280","Shane Vereen","rb",73.205,-54.12,0
"281","Justin Perillo","te",6.48,-54.165,0
"282","Louis Murphy","wr",20.44,-54.49,0
"283","Logan Paulsen","te",6.055,-54.59,0
"284","Jake Stoneburner","te",5.995,-54.65,0
"285","Devin Smith","wr",20.255,-54.675,0
"286","Clay Harbor","te",5.68,-54.965,0
"287","Paul Richardson","wr",19.91,-55.02,0
"288","Justice Cunningham","te",5.525,-55.12,0
"289","Terrelle Pryor","wr",19.79,-55.14,0
"290","Dezmin Lewis","wr",19.7,-55.23,0
"291","Jordan Howard","rb",71.415,-55.91,0
"292","Quincy Enunwa","wr",18.87,-56.06,0
"293","Dennis Pitta","te",4.585,-56.06,0
"294","Zach Sudfeld","te",4.585,-56.06,0
"295","Brandon Myers","te",4.49,-56.155,0
"296","Jordan Norwood","wr",17.83,-57.1,0
"297","John Phillips","te",3.525,-57.12,0
"298","Nick Williams","wr",17.685,-57.245,0
"299","Tajae Sharpe","wr",17.67,-57.26,0
"300","Nick O'Leary","te",3.295,-57.35,0
"301","Luke Stocker","te",3.065,-57.58,0
"302","E.J. Bibbs","te",2.945,-57.7,0
"303","Jerell Adams","te",2.885,-57.76,0
"304","Robert Griffin","qb",228.214,-57.78,0
"305","Nic Jacobs","te",2.835,-57.81,0
"306","Ryan Grant","wr",17.08,-57.85,0
"307","David Johnson","te",2.63,-58.015,0
"308","Braxton Miller","wr",16.675,-58.255,0
"309","Sean McGrath","te",2.355,-58.29,0
"310","Stedman Bailey","wr",16.595,-58.335,0
"311","Nick Boyle","te",2.3,-58.345,0
"312","Brandon Bostick","te",2.275,-58.37,0
"313","Jeremy Kerley","wr",16.42,-58.51,0
"314","Harry Douglas","wr",16.26,-58.67,0
"315","Jared Abbrederis","wr",16.205,-58.725,0
"316","Nick Vannett","te",1.75,-58.895,0
"317","Keshawn Martin","wr",15.91,-59.02,0
"318","Phillip Supernaw","te",1.56,-59.085,0
"319","Chris Pantale","te",1.5,-59.145,0
"320","Cody Latimer","wr",15.73,-59.2,0
"321","Brian Parker","te",1.315,-59.33,0
"322","Khari Lee","te",1.305,-59.34,0
"323","Erik Swoope","te",1.2,-59.445,0
"324","Tevin Coleman","rb",67.785,-59.54,0
"325","T.J. Graham","wr",15.15,-59.78,0
"326","Adam Humphries","wr",15.14,-59.79,0
"327","Beau Sandland","te",0.75,-59.895,0
"328","Temarrick Hemingway","te",0.55,-60.095,0
"329","Ronnie Hillman","rb",67.01,-60.315,0
"330","Javorius Allen","rb",66.825,-60.5,0
"331","Scott Simonson","te",0.05,-60.595,0
"332","Randall Telfer","te",0.05,-60.595,0
"333","Matt LaCosse","te",0.05,-60.595,0
"334","Scott Chandler","te",0,-60.645,0
"335","Orson Charles","te",0,-60.645,0
"336","Dominique Jones","te",0,-60.645,0
"337","MarQueis Gray","te",0,-60.645,0
"338","Brandon Williams","te",0,-60.645,0
"339","Marcel Jensen","te",0,-60.645,0
"340","Xavier Grimble","te",0,-60.645,0
"341","Bear Pascoe","te",0,-60.645,0
"342","Chase Coffman","te",0,-60.645,0
"343","Kennard Backman","te",0,-60.645,0
"344","Gabe Holmes","te",0,-60.645,0
"345","Matthew Mulligan","te",0,-60.645,0
"346","Tony Moeaki","te",0,-60.645,0
"347","Owen Daniels","te",0,-60.645,0
"348","Thomas Duarte","te",0,-60.645,0
"349","Chris Givens","wr",14.15,-60.78,0
"350","Theo Riddick","rb",66.505,-60.82,0
"351","Chris Johnson","rb",66.49,-60.835,0
"352","Corey Fuller","wr",14.09,-60.84,0
"353","Chris Matthews","wr",14.05,-60.88,0
"354","TJ Jones","wr",13.83,-61.1,0
"355","Jaron Brown","wr",13.83,-61.1,0
"356","Malcolm Mitchell","wr",13.51,-61.42,0
"357","Tyrell Williams","wr",13.32,-61.61,0
"358","Andre Johnson","wr",13.315,-61.615,0
"359","Rashard Higgins","wr",12.785,-62.145,0
"360","Aaron Dobson","wr",11.95,-62.98,0
"361","Josh Bellamy","wr",11.86,-63.07,0
"362","Josh Boyce","wr",11.775,-63.155,0
"363","Karlos Williams","rb",63.995,-63.33,0
"364","Griff Whalen","wr",10.925,-64.005,0
"365","Jerome Simpson","wr",10.92,-64.01,0
"366","Donteea Dye","wr",10.86,-64.07,0
"367","C.J. Prosise","rb",63.1,-64.225,0
"368","Devin Street","wr",10.68,-64.25,0
"369","Jerick McKinnon","rb",62.875,-64.45,0
"370","Keith Mumphery","wr",10.48,-64.45,0
"371","Kenbrell Thompkins","wr",10.235,-64.695,0
"372","Brandon Tate","wr",10.19,-64.74,0
"373","Jared Goff","qb",221.254,-64.74,0
"374","Kolby Listenbee","wr",10.175,-64.755,0
"375","Tyreek Hill","wr",9.85,-65.08,0
"376","Keenan Reynolds","wr",9.65,-65.28,0
"377","Deonte Thompson","wr",9.435,-65.495,0
"378","Russell Shepard","wr",9.3,-65.63,0
"379","Rashad Ross","wr",9.235,-65.695,0
"380","Cordarrelle Patterson","wr",9.005,-65.925,0
"381","Darren McFadden","rb",61.245,-66.08,0
"382","Chris Moore","wr",8.825,-66.105,0
"383","Michael Campanaro","wr",8.37,-66.56,0
"384","Ricardo Louis","wr",7.925,-67.005,0
"385","Marquise Goodwin","wr",7.8,-67.13,0
"386","Jeremy Ross","wr",7.74,-67.19,0
"387","Demarcus Robinson","wr",7.7,-67.23,0
"388","Javontee Herndon","wr",7.645,-67.285,0
"389","Jakeem Grant","wr",7.45,-67.48,0
"390","Jeremy Butler","wr",6.99,-67.94,0
"391","Walter Powell","wr",6.63,-68.3,0
"392","Kenny Lawler","wr",6.4,-68.53,0
"393","Marc Mariani","wr",6.38,-68.55,0
"394","Greg Salas","wr",6.36,-68.57,0
"395","Tre McBride","wr",6.25,-68.68,0
"396","Mike Thomas","wr",5.94,-68.99,0
"397","Bryan Walters","wr",5.6,-69.33,0
"398","Kevin Smith","wr",5.575,-69.355,0
"399","Keyarris Garrett","wr",5.55,-69.38,0
"400","Cameron Artis-Payne","rb",57.925,-69.4,0
"401","Josh Ferguson","rb",57.86,-69.465,0
"402","Daniel Braverman","wr",5.25,-69.68,0
"403","DeAndrew White","wr",5.195,-69.735,0
"404","Quan Bray","wr",5.175,-69.755,0
"405","Cameron Meredith","wr",4.95,-69.98,0
"406","Spencer Ware","rb",57.33,-69.995,0
"407","Jordan Payton","wr",4.895,-70.035,0
"408","Devin Hester","wr",4.79,-70.14,0
"409","Devontae Booker","rb",57.05,-70.275,0
"410","Kaelin Clay","wr",4.65,-70.28,0
"411","DeVier Posey","wr",4.635,-70.295,0
"412","Hakeem Nicks","wr",4.45,-70.48,0
"413","Kevin Norwood","wr",4.36,-70.57,0
"414","Myles White","wr",4.34,-70.59,0
"415","Rod Streater","wr",4.305,-70.625,0
"416","Aldrick Robinson","wr",4.26,-70.67,0
"417","Charone Peake","wr",3.85,-71.08,0
"418","Lucky Whitehead","wr",3.815,-71.115,0
"419","Bradley Marquez","wr",3.805,-71.125,0
"420","DeAndre Washington","rb",56.16,-71.165,0
"421","Stephen Hill","wr",3.65,-71.28,0
"422","Adam Thielen","wr",3.62,-71.31,0
"423","Frankie Hammond","wr",3.485,-71.445,0
"424","Marcus Easley","wr",3.375,-71.555,0
"425","James Wright","wr",3.3,-71.63,0
"426","Jarrett Boykin","wr",3.175,-71.755,0
"427","Matt Hazel","wr",3.15,-71.78,0
"428","Eric Weems","wr",2.45,-72.48,0
"429","Andre Roberts","wr",2.2,-72.73,0
"430","Andre Caldwell","wr",1.985,-72.945,0
"431","Ifeanyi Momah","wr",1.95,-72.98,0
"432","Trevone Boykin","wr",1.9,-73.03,0
"433","Tim Hightower","rb",53.75,-73.575,0
"434","Brenton Bersin","wr",1.25,-73.68,0
"435","Marlon Moore","wr",1.2,-73.73,0
"436","Brian Tyms","wr",1.15,-73.78,0
"437","Brittan Golden","wr",0.35,-74.58,0
"438","Geremy Davis","wr",0.25,-74.68,0
"439","Seth DeValve","wr",0.05,-74.88,0
"440","Trey Burton","wr",0.05,-74.88,0
"441","Vincent Brown","wr",0,-74.93,0
"442","Jonathan Krause","wr",0,-74.93,0
"443","Justin Blackmon","wr",0,-74.93,0
"444","Vince Mayle","wr",0,-74.93,0
"445","Dres Anderson","wr",0,-74.93,0
"446","Kashif Moore","wr",0,-74.93,0
"447","LaRon Byrd","wr",0,-74.93,0
"448","Nathan Palmer","wr",0,-74.93,0
"449","Darren Waller","wr",0,-74.93,0
"450","Rodney Smith","wr",0,-74.93,0
"451","Tavarres King","wr",0,-74.93,0
"452","Cobi Hamilton","wr",0,-74.93,0
"453","Demarcus Ayers","wr",0,-74.93,0
"454","Marcus Lucas","wr",0,-74.93,0
"455","Trevor Davis","wr",0,-74.93,0
"456","Moritz Boehringer","wr",0,-74.93,0
"457","Lance Moore","wr",0,-74.93,0
"458","Marques Colston","wr",0,-74.93,0
"459","Matt Slater","wr",0,-74.93,0
"460","Arrelious Benn","wr",0,-74.93,0
"461","Mike Williams","wr",0,-74.93,0
"462","Kyle Williams","wr",0,-74.93,0
"463","Greg Little","wr",0,-74.93,0
"464","Paul Perkins","rb",49.05,-78.275,0
"465","Kenneth Dixon","rb",48.07,-79.255,0
"466","Alfred Morris","rb",47.8,-79.525,0
"467","Shaun Draughn","rb",47.665,-79.66,0
"468","Alfred Blue","rb",47.495,-79.83,0
"469","Ka'Deem Carey","rb",47.155,-80.17,0
"470","Chris Thompson","rb",46.855,-80.47,0
"471","C.J. Spiller","rb",45.585,-81.74,0
"472","Benny Cunningham","rb",44.675,-82.65,0
"473","Tre Mason","rb",44.235,-83.09,0
"474","Andre Ellington","rb",42.615,-84.71,0
"475","Charcandrick West","rb",40.95,-86.375,0
"476","Terrance West","rb",40.585,-86.74,0
"477","Tyler Ervin","rb",40.345,-86.98,0
"478","Mike Tolbert","rb",39.73,-87.595,0
"479","Khiry Robinson","rb",39.205,-88.12,0
"480","Sam Bradford","qb",197.754,-88.24,0
"481","Wendell Smallwood","rb",38.745,-88.58,0
"482","Damien Williams","rb",37.89,-89.435,0
"483","Robert Turbin","rb",36.785,-90.54,0
"484","Kenyan Drake","rb",36.73,-90.595,0
"485","Christine Michael","rb",36.4,-90.925,0
"486","Zach Line","rb",35.55,-91.775,0
"487","Knile Davis","rb",34.07,-93.255,0
"488","Jonas Gray","rb",34.03,-93.295,0
"489","Dexter McCluster","rb",28.645,-98.68,0
"490","Zach Zenner","rb",28.25,-99.075,0
"491","Mike Gillislee","rb",28.155,-99.17,0
"492","Matt Asiata","rb",27.78,-99.545,0
"493","Branden Oliver","rb",27.75,-99.575,0
"494","James White","rb",27.67,-99.655,0
"495","Keith Marshall","rb",27.24,-100.085,0
"496","Brandon Bolden","rb",26.92,-100.405,0
"497","Taiwan Jones","rb",25.89,-101.435,0
"498","De'Anthony Thomas","rb",25.55,-101.775,0
"499","Stevan Ridley","rb",25.355,-101.97,0
"500","Denard Robinson","rb",23.71,-103.615,0
"501","Alex Collins","rb",23.375,-103.95,0
"502","David Cobb","rb",23.25,-104.075,0
"503","Antonio Andrews","rb",21.53,-105.795,0
"504","Marcel Reece","rb",21.36,-105.965,0
"505","Orleans Darkwa","rb",20.895,-106.43,0
"506","Jonathan Grimes","rb",20.59,-106.735,0
"507","Kelvin Taylor","rb",20.23,-107.095,0
"508","Mack Brown","rb",20,-107.325,0
"509","Silas Redd","rb",19.05,-108.275,0
"510","Lorenzo Taliaferro","rb",18.64,-108.685,0
"511","Jacquizz Rodgers","rb",18.165,-109.16,0
"512","Reggie Bush","rb",17.845,-109.48,0
"513","DuJuan Harris","rb",17.8,-109.525,0
"514","Jordan Todman","rb",17.65,-109.675,0
"515","Stepfan Taylor","rb",16.945,-110.38,0
"516","Kendall Gaskins","rb",16.2,-111.125,0
"517","Juwan Thompson","rb",16.115,-111.21,0
"518","Jamize Olawale","rb",16.05,-111.275,0
"519","Andre Williams","rb",15.53,-111.795,0
"520","Mark Sanchez","qb",174.186,-111.808,0
"521","Lance Dunbar","rb",14.64,-112.685,0
"522","Kenjon Barner","rb",14.43,-112.895,0
"523","Patrick DiMarco","rb",14.425,-112.9,0
"524","Roy Helu","rb",14.415,-112.91,0
"525","Terron Ward","rb",13.79,-113.535,0
"526","Isaiah Pead","rb",13.75,-113.575,0
"527","Bobby Rainey","rb",13.6,-113.725,0
"528","Jalston Fowler","rb",13.25,-114.075,0
"529","Fitzgerald Toussaint","rb",13.14,-114.185,0
"530","Fozzy Whittaker","rb",13.075,-114.25,0
"531","Bruce Miller","rb",12.98,-114.345,0
"532","Will Johnson","rb",12.475,-114.85,0
"533","Mike Davis","rb",11.97,-115.355,0
"534","Jonathan Williams","rb",11.515,-115.81,0
"535","Mike James","rb",10.475,-116.85,0
"536","Michael Burton","rb",9.75,-117.575,0
"537","John Crockett","rb",9.715,-117.61,0
"538","Kyle Juszczyk","rb",9.595,-117.73,0
"539","Dwayne Washington","rb",9.235,-118.09,0
"540","Malcolm Brown","rb",9.15,-118.175,0
"541","Aaron Ripkowski","rb",9.125,-118.2,0
"542","Blaine Gabbert","qb",167.714,-118.28,0
"543","Kerwynn Williams","rb",8.75,-118.575,0
"544","Keenan Reynolds","rb",8.25,-119.075,0
"545","Zac Stacy","rb",8.16,-119.165,0
"546","Donald Brown","rb",7.645,-119.68,0
"547","Daniel Thomas","rb",7.45,-119.875,0
"548","Daniel Lasco","rb",7.205,-120.12,0
"549","Rod Smith","rb",7.12,-120.205,0
"550","Dan Vitale","rb",6.85,-120.475,0
"551","Jay Prosch","rb",6.84,-120.485,0
"552","James Develin","rb",6.595,-120.73,0
"553","Akeem Hunt","rb",6.555,-120.77,0
"554","Cedric Peerman","rb",6.225,-121.1,0
"555","Chase Reynolds","rb",5.735,-121.59,0
"556","Raheem Mostert","rb",5.615,-121.71,0
"557","Gus Johnson","rb",4.8,-122.525,0
"558","Jerome Felton","rb",4.765,-122.56,0
"559","Tommy Bohanon","rb",4.725,-122.6,0
"560","Daryl Richardson","rb",4.665,-122.66,0
"561","Ryan Hewitt","rb",4.355,-122.97,0
"562","Anthony Sherman","rb",4.28,-123.045,0
"563","John Kuhn","rb",3.945,-123.38,0
"564","Glenn Winston","rb",3.505,-123.82,0
"565","Travaris Cadet","rb",3.41,-123.915,0
"566","Jhurell Pressley","rb",3.3,-124.025,0
"567","Rex Burkhead","rb",2.925,-124.4,0
"568","Storm Johnson","rb",2.8,-124.525,0
"569","Brandon Wegher","rb",2.3,-125.025,0
"570","Trent Richardson","rb",1.75,-125.575,0
"571","Bernard Pierce","rb",1.6,-125.725,0
"572","Tyler Varga","rb",0.7,-126.625,0
"573","George Atkinson","rb",0.5,-126.825,0
"574","Darius Jackson","rb",0.2,-127.125,0
"575","Rajion Neal","rb",0.2,-127.125,0
"576","Kenny Hilliard","rb",0.1,-127.225,0
"577","Trey Williams","rb",0.1,-127.225,0
"578","Darrel Young","rb",0,-127.325,0
"579","Darrin Reaves","rb",0,-127.325,0
"580","Marcus Murphy","rb",0,-127.325,0
"581","Terrell Watson","rb",0,-127.325,0
"582","Dreamius Smith","rb",0,-127.325,0
"583","Ahmad Bradshaw","rb",0,-127.325,0
"584","Cyrus Gray","rb",0,-127.325,0
"585","Dan Herron","rb",0,-127.325,0
"586","Joe Banyard","rb",0,-127.325,0
"587","Bishop Sankey","rb",0,-127.325,0
"588","Tyler Gaffney","rb",0,-127.325,0
"589","Dri Archer","rb",0,-127.325,0
"590","Kapri Bibbs","rb",0,-127.325,0
"591","Senorise Perry","rb",0,-127.325,0
"592","James Wilder Jr.","rb",-0.4,-127.725,0
"593","George Winn","rb",-0.75,-128.075,0
"594","Colin Kaepernick","qb",94.658,-191.336,0
"595","Paxton Lynch","qb",74.64,-211.354,0
"596","Jimmy Garoppolo","qb",72.814,-213.18,0
"597","Carson Wentz","qb",53.374,-232.62,0
"598","Josh McCown","qb",50.722,-235.272,0
"599","Trevor Siemian","qb",29.552,-256.442,0
"600","Chase Daniel","qb",23.298,-262.696,0
"601","Brian Hoyer","qb",22.944,-263.05,0
"602","Geno Smith","qb",19.91,-266.084,0
"603","Kellen Moore","qb",17.47,-268.524,0
"604","Christian Hackenberg","qb",14.864,-271.13,0
"605","Matt Flynn","qb",14.814,-271.18,0
"606","Cody Kessler","qb",14.04,-271.954,0
"607","Trevone Boykin","qb",13.74,-272.254,0
"608","E.J. Manuel","qb",13.692,-272.302,0
"609","AJ McCarron","qb",13.616,-272.378,0
"610","Case Keenum","qb",13.362,-272.632,0
"611","Brandon Weeden","qb",13.194,-272.8,0
"612","Landry Jones","qb",12.01,-273.984,0
"613","Drew Stanton","qb",11.784,-274.21,0
"614","Zach Mettenberger","qb",11.16,-274.834,0
"615","David Fales","qb",11.07,-274.924,0
"616","Matt McGloin","qb",10.364,-275.63,0
"617","Dak Prescott","qb",10.34,-275.654,0
"618","Shaun Hill","qb",10.202,-275.792,0
"619","Colt McCoy","qb",10.192,-275.802,0
"620","Mike Glennon","qb",10.104,-275.89,0
"621","Dan Orlovsky","qb",9.888,-276.106,0
"622","Aaron Murray","qb",9.59,-276.404,0
"623","Matt Cassel","qb",9.12,-276.874,0
"624","Bruce Gradkowski","qb",8.98,-277.014,0
"625","Chad Henne","qb",8.978,-277.016,0
"626","Ryan Mallett","qb",8.926,-277.068,0
"627","Nick Foles","qb",8.028,-277.966,0
"628","Scott Tolzien","qb",8.018,-277.976,0
"629","Derek Anderson","qb",7.038,-278.956,0
"630","Kellen Clemens","qb",6.78,-279.214,0
"631","Ryan Nassib","qb",5.644,-280.35,0
"632","Matt Moore","qb",3.698,-282.296,0
"633","Matt Schaub","qb",3.224,-282.77,0
"634","Luke McCown","qb",2.174,-283.82,0
"635","Brett Hundley","qb",1.62,-284.374,0
"636","Austin Davis","qb",1.09,-284.904,0
"637","Jacoby Brissett","qb",0.8,-285.194,0
"638","Tyler Bray","qb",0.6,-285.394,0
"639","Bryce Petty","qb",0.44,-285.554,0
"640","Tom Savage","qb",0.2,-285.794,0
"641","Sean Renfree","qb",0.012,-285.982,0
"642","Cardale Jones","qb",0,-285.994,0
"643","Jeff Driskel","qb",0,-285.994,0
"644","Brandon Doughty","qb",0,-285.994,0
"645","Kevin Hogan","qb",0,-285.994,0
"646","Matt Simms","qb",0,-285.994,0
"647","Nate Sudfeld","qb",0,-285.994,0
"648","Jake Rudock","qb",0,-285.994,0
"649","Josh Johnson","qb",0,-285.994,0
"650","Jimmy Clausen","qb",0,-285.994,0
"651","Matt Barkley","qb",0,-285.994,0
"652","Joe Webb","qb",0,-285.994,0
"653","Zac Dysert","qb",0,-285.994,0
"654","Dan LeFevour","qb",0,-285.994,0
"655","Ryan Griffin","qb",0,-285.994,0
"656","Logan Thomas","qb",0,-285.994,0
"657","Jerrod Johnson","qb",0,-285.994,0
"658","Keith Wenning","qb",0,-285.994,0
"659","Stephen Morris","qb",0,-285.994,0
"660","Matt Blanchard","qb",0,-285.994,0
"661","Garrett Grayson","qb",0,-285.994,0
"662","Alex Tanney","qb",0,-285.994,0
"663","Sean Mannion","qb",0,-285.994,0
"664","Taylor Heinicke","qb",0,-285.994,0
"665","Connor Cook","qb",0,-285.994,0
"666","Stephen Gostkowski","k",0,NA,0
"667","Mason Crosby","k",0,NA,0
"668","Steven Hauschka","k",0,NA,0
"669","Justin Tucker","k",0,NA,0
"670","Graham Gano","k",0,NA,0
"671","Chris Boswell","k",0,NA,0
"672","Dan Bailey","k",0,NA,0
"673","Chandler Catanzaro","k",0,NA,0
"674","Josh Brown","k",0,NA,0
"675","Blair Walsh","k",0,NA,0
"676","Brandon McManus","k",0,NA,0
"677","Adam Vinatieri","k",0,NA,0
"678","Cairo Santos","k",0,NA,0
"679","Mike Nugent","k",0,NA,0
"680","Robbie Gould","k",0,NA,0
"681","Dan Carpenter","k",0,NA,0
"682","Matt Prater","k",0,NA,0
"683","Nick Novak","k",0,NA,0
"684","Matt Bryant","k",0,NA,0
"685","Nick Folk","k",0,NA,0
"686","Dustin Hopkins","k",0,NA,0
"687","Sebastian Janikowski","k",0,NA,0
"688","Jason Myers","k",0,NA,0
"689","Roberto Aguayo","k",0,NA,0
"690","Josh Lambo","k",0,NA,0
"691","Phil Dawson","k",0,NA,0
"692","Greg Zuerlein","k",0,NA,0
"693","Andrew Franks","k",0,NA,0
"694","Travis Coons","k",0,NA,0
"695","Caleb Sturgis","k",0,NA,0
"696","Cody Parkey","k",0,NA,0
"697","Ryan Succop","k",0,NA,0
"698","Kai Forbath","k",0,NA,0
"699","Shaun Suisham","k",0,NA,0
"700","Connor Barth","k",0,NA,0
"701","Tom Obarski","k",0,NA,0
